Date/Time,Media Description,Media Link
"You uploaded a article cover photo on July 2, 2025 at 10:13 PM (GMT)", -,https://media.licdn.com/dms/image/v2/D5612AQGnt3KahPpUkg/article-cover_image-shrink_720_1280/B56ZfNNB6wHQAI-/0/1751494442342?e=2147483647&v=beta&t=ZgrkuU_IARiiPfbEtx9zIT_z-SYMjxaDZRtgc-nKu38
"You uploaded a article cover photo on July 2, 2025 at 8:26 PM (GMT)", -,https://media.licdn.com/dms/image/v2/D5612AQGj9egdZ9_3Tg/article-cover_image-shrink_720_1280/B56ZfM0jmRGQAM-/0/1751488022721?e=2147483647&v=beta&t=SuRW8Mn_HcRJE96iePAemnU9AX3xHxcAnQ1ozvzeTMk
"You uploaded a article cover photo on July 2, 2025 at 8:19 PM (GMT)", -,https://media.licdn.com/dms/image/v2/D5612AQFoivDkqgBagw/article-cover_image-shrink_720_1280/B56ZfMyvV7HoAI-/0/1751487549134?e=2147483647&v=beta&t=gZ_-PypIo3pzabRO1wnmIUfT88VBb8-K_gqsdpXlFkg
"You uploaded a feed document on July 2, 2025 at 3:46 PM (GMT)", -,https://media.licdn.com/dms/document/media/v2/D561FAQHvR4rnUHBsJg/feedshare-document-chunked-pdf/B56ZfL0eKpG0Bw-/0/1751471220995?e=2147483647&v=beta&t=Xqa6F4WSq9TKLl22ZtjcnfaeM1gf1isABhJgZsKiGig
"You uploaded a article cover photo on July 2, 2025 at 4:22 AM (GMT)", -,https://media.licdn.com/dms/image/v2/D5612AQHgDcpdziJctw/article-cover_image-shrink_720_1280/B56ZfJXux4HQAQ-/0/1751430137913?e=2147483647&v=beta&t=tdqIhG0ae54RV0izd6ngzW-RvkavwsbKiDfl1C_NE1k
"You uploaded a article cover photo on July 2, 2025 at 4:22 AM (GMT)", -,https://media.licdn.com/dms/image/v2/D5612AQFRRl8V34YHUw/article-cover_image-shrink_720_1280/B56ZfJXubYH8AI-/0/1751430144602?e=2147483647&v=beta&t=UEQRK_jWGXV9YiHTC9Mgem2hi93SwPZ83hyiij5MQ-0
"You uploaded a article cover photo on June 26, 2025 at 6:19 PM (GMT)", -,https://media.licdn.com/dms/image/v2/D5612AQGvrlglg7MayA/article-cover_image-shrink_720_1280/B56Zetd3sgHUA4-/0/1750961984684?e=2147483647&v=beta&t=JljwyEpMpMl0yjiamhPSKCcBwWL9XhydaXn5CzA0fEo
"You uploaded a photo on June 24, 2025 at 1:15 AM (GMT)", -,https://media.licdn.com/dms/image/v2/D562CAQFHk4yjdJJc9w/comment-image-shrink_8192_1280/B56ZefgPIdGoAk-/0/1750727718035?e=1752195600&v=beta&t=4zjubugya029ZPaL4aJ2L78ozixTXVCWUyVy5GTLmAs
"You uploaded a article cover photo on June 21, 2025 at 4:13 PM (GMT)", -,https://media.licdn.com/dms/image/v2/D5612AQFefIMziFNreA/article-cover_image-shrink_720_1280/B56ZeTRE7WHQAM-/0/1750522424904?e=2147483647&v=beta&t=XI_InjyfF9EeQK7UcMXqJwTINWtwj0ZyDx8pJwkzTMI
"You uploaded a article cover photo on June 16, 2025 at 6:57 PM (GMT)", -,https://media.licdn.com/dms/image/v2/D5612AQHJStH1tjD4Cw/article-cover_image-shrink_720_1280/B56Zd6GveAH8AI-/0/1750100281527?e=2147483647&v=beta&t=eXTgCq0mBnD9qYVBbYrl9X2OQfQCeZOcUESe3xI2dsY
"You uploaded a article inline photo on June 16, 2025 at 6:52 PM (GMT)", -,https://media.licdn.com/dms/image/v2/D5612AQFfUNg-yQ_L6w/article-inline_image-shrink_1000_1488/B56Zd6FdboHQAU-/0/1750099941768?e=2147483647&v=beta&t=GRFpw4DEs4n1ND888tLfb_LIkSKqXweAAFK6UaefVC8
"You uploaded a article inline photo on June 16, 2025 at 6:52 PM (GMT)", -,https://media.licdn.com/dms/image/v2/D5612AQGCb4gueGHOiA/article-inline_image-shrink_1000_1488/B56Zd6FdbkG0AQ-/0/1750099942234?e=2147483647&v=beta&t=cOgwDW1QgD2Mqg2n28Wzj6gA4hsuek1LIVfcoF8h_Xk
"You uploaded a feed photo on May 29, 2025 at 5:45 PM (GMT)", -,https://media.licdn.com/dms/image/v2/D5622AQGl7cxuitXoQA/feedshare-shrink_480/B56ZcdJja.HoAc-/0/1748540733633?e=2147483647&v=beta&t=rpLn75R4546RsZPSuy2r9OvItlXDDln0all_MFLtkCs
"You uploaded a feed photo on May 28, 2025 at 5:49 PM (GMT)", -,https://media.licdn.com/dms/image/v2/D5622AQGsoet41GDI-w/feedshare-shrink_160/B56ZcYAw17GoAk-/0/1748454543329?e=2147483647&v=beta&t=HDwhFIKJuroJ4PTE_fKhwnmz7haBOOhLkl0ZWxtFpAs
"You uploaded a feed photo on May 28, 2025 at 2:48 AM (GMT)", -,https://media.licdn.com/dms/image/v2/D5622AQEWYl5HMAxH6g/feedshare-shrink_160/B56ZcUyvdRHoAc-/0/1748400535946?e=2147483647&v=beta&t=IDsHRD2e4BhSpeyvva-LavOLbRji2fBRhPjmC5_FUW0
"You uploaded a feed photo on May 25, 2025 at 1:09 AM (GMT)", -,https://media.licdn.com/dms/image/v2/D5622AQEgROLagCzZjw/feedshare-shrink_160/B56ZcE_GqrGoAg-/0/1748135342189?e=2147483647&v=beta&t=RC0sloP7JjApVU_EyLWhDO6uZ5vPBZJ-kmSv-eEEikk
"You uploaded a article cover photo on May 21, 2025 at 1:42 PM (GMT)", -,https://media.licdn.com/dms/image/v2/D5612AQGeq72z5v39jQ/article-cover_image-shrink_720_1280/B56ZbzFTR3HgAM-/0/1747834983642?e=2147483647&v=beta&t=3EtdKKMl43pxmDczKGFD9df421DZZvRM50BP8gzfRs0
"You uploaded a article cover photo on May 16, 2025 at 6:35 PM (GMT)", -,https://media.licdn.com/dms/image/v2/D5612AQHyWQv52i4nqw/article-cover_image-shrink_720_1280/B56ZbaYYw2HgAM-/0/1747420558087?e=2147483647&v=beta&t=s29Gf-Kwo79piB7N6mhesD-AMqn2Y0A1VaOpOdEoxd4
"You uploaded a article cover photo on May 15, 2025 at 10:07 PM (GMT)", -,https://media.licdn.com/dms/image/v2/D5612AQGG733Ddt1I9w/article-cover_image-shrink_720_1280/B56ZbV_VB0GoAI-/0/1747346879638?e=2147483647&v=beta&t=tqppct6YBMY3t38GL_iUiBbMkfURIUPuKhHEmzbyFsc
"You uploaded a article inline photo on May 9, 2025 at 7:53 PM (GMT)", -,https://media.licdn.com/dms/image/v2/D5612AQFrtFg-bNZRVg/article-inline_image-shrink_1000_1488/B56Za2nHUiGoAU-/0/1746820429567?e=2147483647&v=beta&t=yKCL2-63j4CB1pJIUoh5TFqsJd4vF-Cexqz5G_Q6Uk0
"You uploaded a article cover photo on May 9, 2025 at 7:49 PM (GMT)", -,https://media.licdn.com/dms/image/v2/D5612AQH8UJ1qvdU-pw/article-cover_image-shrink_720_1280/B56Za2mF3cGgAI-/0/1746820165955?e=2147483647&v=beta&t=hN2fKMa0sAknPB0mf7ChtVL5prLIKr3-z6nGaf2depM
"You uploaded a article cover photo on May 7, 2025 at 3:11 PM (GMT)", -,https://media.licdn.com/dms/image/v2/D5612AQEHwYKg2NnmtQ/article-cover_image-shrink_720_1280/B56ZarTQB_HUAI-/0/1746630678661?e=2147483647&v=beta&t=vKemEVpXGC3u2iFrPl48s7N3VB-IpDGmMFOEv9ccT4c
"You uploaded a article cover photo on May 7, 2025 at 3:10 PM (GMT)", -,https://media.licdn.com/dms/image/v2/D5612AQGqnLq7pGlidQ/article-cover_image-shrink_720_1280/B56ZarTKmYGsAM-/0/1746630657664?e=2147483647&v=beta&t=5ItmP1Rbch83mv4XAxXUKU0u7_qKXOwusuqWD1Sht6k
"You uploaded a article cover photo on May 5, 2025 at 5:43 PM (GMT)", -,https://media.licdn.com/dms/image/v2/D5612AQFhzDMQ-vcDYg/article-cover_image-shrink_720_1280/B56Zahi9uvGoAI-/0/1746467024470?e=2147483647&v=beta&t=2xSk8i235n_jUrqqb1uwomm9aotTxRdaZBIB3JANiHQ
"You uploaded a article cover photo on May 5, 2025 at 5:43 PM (GMT)", -,https://media.licdn.com/dms/image/v2/D5612AQGBdiIg1gADJA/article-cover_image-shrink_720_1280/B56Zahi4EOHAAM-/0/1746467001176?e=2147483647&v=beta&t=IOXUIVRfs1tmJtpkVn7hz6Wdo1-kPcBaQ5qtSVZVJgU
"You uploaded a article inline photo on May 5, 2025 at 5:38 PM (GMT)", -,https://media.licdn.com/dms/image/v2/D5612AQFqjviiF0Jfcg/article-inline_image-shrink_1000_1488/B56Zahhw4xHsAU-/0/1746466705486?e=2147483647&v=beta&t=NQXvipKavBsUXsiKKjfeykofLiARevK-9LS0CnT53b4
"You uploaded a article cover photo on May 5, 2025 at 4:31 PM (GMT)", -,https://media.licdn.com/dms/image/v2/D5612AQElp2DLI6CoyA/article-cover_image-shrink_720_1280/B56ZahSa0uGgAI-/0/1746462687343?e=2147483647&v=beta&t=7GnWjpCGvXu8w0H6j6c-fWcMfGxRYr8RVAt5MNVpFsY
"You uploaded a article cover photo on May 5, 2025 at 4:27 PM (GMT)", -,https://media.licdn.com/dms/image/v2/D5612AQHXURzDbDWXGQ/article-cover_image-shrink_720_1280/B56ZahRfNuGUAQ-/0/1746462444527?e=2147483647&v=beta&t=PQzcCRT35DdCWfHMHAHoxxMac6IXTT2DX7SskhrrXW4
"You uploaded a article cover photo on May 5, 2025 at 4:21 PM (GMT)", -,https://media.licdn.com/dms/image/v2/D5612AQEYMTtdGPzDnA/article-cover_image-shrink_720_1280/B56ZahQLPLHUAI-/0/1746462099626?e=2147483647&v=beta&t=HcYXy3BnGAkkg7ejU9KSDZKZQnkW33qaXRj8opxhQwY
"You uploaded a article inline photo on May 5, 2025 at 4:20 PM (GMT)", -,https://media.licdn.com/dms/image/v2/D5612AQEuuuB_oOMnrw/article-inline_image-shrink_1500_2232/B56ZahP7czHUAY-/0/1746462034491?e=2147483647&v=beta&t=MCVvLxnKXTa2RR0CVOWViz0CcHirUI9aJa5OY0n0GFY
"You uploaded a article cover photo on May 1, 2025 at 9:53 PM (GMT)", -,https://media.licdn.com/dms/image/v2/D5612AQGMXhAJMMIavQ/article-cover_image-shrink_720_1280/B56ZaN1rcrHAAI-/0/1746136387075?e=2147483647&v=beta&t=ptzLpg1Tmk5vBrQEQCVner8ilX3K0YfHFBqTgxqFoJ4
"You uploaded a article cover photo on May 1, 2025 at 9:52 PM (GMT)", -,https://media.licdn.com/dms/image/v2/D5612AQHwJ3fPSYNwFw/article-cover_image-shrink_720_1280/B56ZaN1nh_HsAI-/0/1746136371255?e=2147483647&v=beta&t=Z-XRklrjf_xQQcVabW4XYyN3UEKpzXyz6rMKwdd6cps
"You uploaded a article inline photo on May 1, 2025 at 9:50 PM (GMT)", -,https://media.licdn.com/dms/image/v2/D5612AQG9AQiiS3D3zA/article-inline_image-shrink_1500_2232/B56ZaN1Ae2GUAU-/0/1746136205693?e=2147483647&v=beta&t=GJFeqD60vv4_gLg6q5iq_tZuiAUQhUup0EkNyE56VeQ
"You uploaded a article inline photo on May 1, 2025 at 9:32 PM (GMT)", -,https://media.licdn.com/dms/image/v2/D5612AQGrmCcSEgoITQ/article-inline_image-shrink_400_744/B56ZaNw3ueGkAY-/0/1746135121408?e=2147483647&v=beta&t=-dEtZUhzSF7qdEYlK2WZHu2KhBPjPP-CmKFj4cDqcUQ
"You uploaded a article inline photo on May 1, 2025 at 9:31 PM (GMT)", -,https://media.licdn.com/dms/image/v2/D5612AQELhsl-EcPQGA/article-inline_image-shrink_400_744/B56ZaNwvgqHsAY-/0/1746135087618?e=2147483647&v=beta&t=TNmU27EYeuWjuuSuCPZz77rR7s2Pf4s81X6bzK-ALEU
"You uploaded a article inline photo on May 1, 2025 at 9:29 PM (GMT)", -,https://media.licdn.com/dms/image/v2/D5612AQH7Wv8s4P4CbQ/article-inline_image-shrink_400_744/B56ZaNwT27G4Ac-/0/1746134974412?e=2147483647&v=beta&t=bSEveepEjZSVX5rK69G0QHRDoEKGMdJy45mufeVtI-s
"You uploaded a profile photo on April 30, 2025 at 4:49 PM (GMT)", -,https://media.licdn.com/dms/image/v2/D5603AQFUU_cht42W2g/profile-displayphoto-shrink_200_200/B56ZaHmr17HAAc-/0/1746031787784?e=2147483647&v=beta&t=p-2x-zeE__IVicp_7QHNh_0HDUzJ95Gv46gKtZ2UeVE
"You uploaded a profile photo on April 30, 2025 at 4:49 PM (GMT)", -,https://media.licdn.com/dms/image/v2/D5604AQHuFQNaqZU7wA/profile-originalphoto-shrink_900_1200/B56ZaHmhEJHgAM-/0/1746031743793?e=1756944000&v=beta&t=gb0HkY56FtyqlW-nnNwTvNpmxT2IqB6BWnWLcPQ1bHw
"You uploaded a article cover photo on April 30, 2025 at 3:25 PM (GMT)", -,https://media.licdn.com/dms/image/v2/D4E12AQHW6h7cKSfWsA/article-cover_image-shrink_720_1280/B4EZaHTapmH0AU-/0/1746026740554?e=2147483647&v=beta&t=1kZ6JOwoP5OVtKEl6tua4YtzTGt4MlVImg_dZgWwAO0
"You uploaded a article cover photo on April 25, 2025 at 3:51 PM (GMT)", -,https://media.licdn.com/dms/image/v2/D4E12AQH_x5CG7GJiyA/article-cover_image-shrink_720_1280/B4EZZtpfCNHEAM-/0/1745596316989?e=2147483647&v=beta&t=PqtpH8bLw_qNK77YayB6TsqtPA0SM03yYV5-lCoDAXc
"You uploaded a article cover photo on April 14, 2025 at 1:21 PM (GMT)", -,https://media.licdn.com/dms/image/v2/D5612AQGyR0dBUBhoVA/article-cover_image-shrink_720_1280/B56ZY0dg6wGoAM-/0/1744636880632?e=2147483647&v=beta&t=TnB1utJLUUkSUuo0IMedAeVJl0LHE6HyvzlCL4bcFLk
"You uploaded a article cover photo on April 14, 2025 at 1:20 PM (GMT)", -,https://media.licdn.com/dms/image/v2/D5612AQEGJg6RU6lBQA/article-cover_image-shrink_720_1280/B56ZY0dQMHGsAI-/0/1744636810649?e=2147483647&v=beta&t=CEzGQxgVaoTkGk-qZnernzLnW1u3b9kS1c82GWGH71s
"You uploaded a article cover photo on April 9, 2025 at 5:12 PM (GMT)", -,https://media.licdn.com/dms/image/v2/D4E12AQHkiivZv-7x5Q/article-cover_image-shrink_720_1280/B4EZYbifunHgAU-/0/1744218757758?e=2147483647&v=beta&t=iPEtm9y9vqadjJm5hxEc_4Xcvzqy5Avc5pisUGS0d54
"You uploaded a article cover photo on April 8, 2025 at 7:24 PM (GMT)", -,https://media.licdn.com/dms/image/v2/D5612AQElZrWw7Gcq6w/article-cover_image-shrink_720_1280/B56ZYW3ImoGoAM-/0/1744140282500?e=2147483647&v=beta&t=YuyD7fbVbK39f4TeZWtCYonwIEIrjtP2NvZY1R0ORlo
"You uploaded a article cover photo on March 30, 2025 at 5:52 PM (GMT)", -,https://media.licdn.com/dms/image/v2/D5612AQGvIgo2KUH2HA/article-cover_image-shrink_720_1280/B56ZXoLrjBGsAM-/0/1743357138366?e=2147483647&v=beta&t=ejy3hSW7kUhpl4sno6RMU5oOUEEi_9nT22Q2cBGVWic
"You uploaded a article cover photo on March 30, 2025 at 5:47 PM (GMT)", -,https://media.licdn.com/dms/image/v2/D5612AQFpPlKXMN0h3w/article-cover_image-shrink_720_1280/B56ZXoKoFlHoAM-/0/1743356859054?e=2147483647&v=beta&t=RL-QYZfioKBVM4f8NZB-VAteKzPkvTQCqBEW6iQFgS8
"You uploaded a article cover photo on March 29, 2025 at 5:47 PM (GMT)", -,https://media.licdn.com/dms/image/v2/D5612AQE7OEvxIqqdsQ/article-cover_image-shrink_720_1280/B56ZXjBBaYGUAI-/0/1743270454852?e=2147483647&v=beta&t=k3k-6uiTCXideikOklvUcklF_R018cpTomxFnASN31E
"You uploaded a article cover photo on March 28, 2025 at 3:51 AM (GMT)", -,https://media.licdn.com/dms/image/v2/D5612AQH02VU4jM2shg/article-cover_image-shrink_720_1280/B56ZXa4Mp5HEAI-/0/1743133923281?e=2147483647&v=beta&t=LhdnsIxSuXx_tPHyrbgmLGskxzjtmN84QgSn8t8XHDQ
"You uploaded a feed photo on November 18, 2024 at 3:49 PM (GMT)", -,https://media.licdn.com/dms/image/v2/D5622AQHU-tk1wwh4Ag/feedshare-shrink_2048_1536/feedshare-shrink_2048_1536/0/1731944973972?e=2147483647&v=beta&t=n5i4GXmdOj7BvCmbXfWFx4I86iyH0kKfrpr6QZ2VOV0
"You uploaded a feed photo on May 1, 2024 at 5:00 PM (GMT)", -,https://media.licdn.com/dms/image/v2/D5622AQHMJpMdbUz8pw/feedshare-shrink_2048_1536/feedshare-shrink_2048_1536/0/1714582827211?e=2147483647&v=beta&t=d0dMpAffoO1J9-wkpVLsy6H6vja3yKoo_siahfs-imE
"You uploaded a feed photo on May 1, 2024 at 5:00 PM (GMT)", -,https://media.licdn.com/dms/image/v2/D5622AQEa89VeRl4ktA/feedshare-shrink_2048_1536/feedshare-shrink_2048_1536/0/1714582812713?e=2147483647&v=beta&t=wTJKsgr0sGY48vf5w5SP4Ezfe-Ai5BXYkUPHpRZU1Pk
